<?xml version="1.0" encoding="UTF-8" ?>
<!DOCTYPE mapper
  PUBLIC "-//mybatis.org//DTD Mapper 3.0//EN"
  "https://mybatis.org/dtd/mybatis-3-mapper.dtd">
  
<mapper namespace="app1.EmpDeptJoinMapper">
 
  <resultMap type="EmpDTO" id="xxx">
    <id  property="empno" column="empno"/>
    <result property="ename"  column="ename"/>
    <result property="job"  column="job"/>
    <result property="mgr"  column="mgr"/>
    <result property="hiredate"  column="hiredate"/>
    <result property="sal"  column="sal"/>
    <result property="commission"  column="comm"/>
  </resultMap>
 
  <!-- 
     컬럼명: no  
     변수명: empno
   -->
   <select id="empList2"  resultMap="xxx">
    select *
    from emp
  </select>
  <select id="empList1" resultType="EmpDTO">
    select  *
    from emp
  </select>
 
  
  <select id="empDeptJoin" >
   
     select *
     from emp join dept  on emp.deptno = dept.deptno
     order by empno
  
  </select>
  
</mapper>


