<?xml version="1.0" encoding="UTF-8" ?>
<!DOCTYPE mapper
  PUBLIC "-//mybatis.org//DTD Mapper 3.0//EN"
  "https://mybatis.org/dtd/mybatis-3-mapper.dtd">
  
<mapper namespace="app2.EmpDeptJoinMapper">
 
   <resultMap type="DeptDTO" id="yyy">
       <id  property="deptno" column="deptno"/>
       <result property="dname"  column="dname"/>
       <result property="loc"  column="loc"/>
     <!-- 1:N -->
     <collection property="empList" ofType="java.util.Map">
        <id  property="empno" column="empno"/>
    <result property="ename"  column="ename"/>
    <result property="job"  column="job"/>
    <result property="mgr"  column="mgr"/>
    <result property="hiredate"  column="hiredate"/>
    <result property="sal"  column="sal"/>
    <result property="commission"  column="comm"/>
     </collection> 
   </resultMap>
 
  
  <select id="empDeptJoin" resultMap="yyy">
     select *
     from emp join dept  on emp.deptno = dept.deptno
     order by empno
  
  </select>
  
</mapper>


